
[
  {
    "id": "1",
    "name": "OMOTON KB036 Wireless Bluetooth Keyboard (Mac Layout, White)",
    "slug": "omoton-kb036-wireless-bluetooth-keyboard",
    "price": 4400,
    "description": "Ultra-slim, lightweight white keyboard with smooth soft keys.",
    "longDescription": "Experience smooth and silent typing with the OMOTON KB036 Bluetooth Keyboard. Perfect for students, developers, and office use in Pakistan. Enjoy up to 10 meters of stable wireless range, durable scissor-switch keys, and a long-lasting battery. The slim, Mac-style layout includes familiar Command ⌘ and Option ⌥ keys, making it a seamless transition for Apple users, while remaining fully compatible with Windows, macOS, Android, and iOS devices.",
    "specifications": {
      "Brand": "OMOTON",
      "Model": "KB036",
      "Color": "White",
      "Connectivity": "Bluetooth",
      "Layout": "Mac Layout with Windows compatibility",
      "Wireless Range": "Up to 10 meters",
      "Key Type": "Scissor-switch",
      "Battery": "2 × AAA (replaceable)"
    },
    "category": ["keyboards"],
    "images": [
      {
        "url": "https://i.postimg.cc/KzNsv0Ws/Wireless-keyboard-KB036-for-laptop-and-mobile-smooth-silent-keys-available-in-Pakistan.png",
        "altText": "Wireless keyboard KB036 for laptop and mobile with smooth silent keys available in Pakistan"
      },
      {
        "url": "https://i.postimg.cc/C5xrZjyC/Wireless-keyboard-setup-on-desk-with-laptop-and-mouse-perfect-for-work-and-study-in-Pakistan.png",
        "altText": "Wireless keyboard setup on desk with laptop and mouse, perfect for work and study in Pakistan"
      },
      {
        "url": "https://i.postimg.cc/wMj4thKQ/Wireless-keyboard-with-smooth-silent-keys-for-laptop-and-mobile-Pakistan.png",
        "altText": "Slim ergonomic wireless keyboard with soft keys, portable design for office and home use"
      },
      {
        "url": "https://i.postimg.cc/hjr3P2Yx/Back-panel-of-KB036-wireless-keyboard-showing-model-number-and-power-switch.png",
        "altText": "Back panel of KB036 wireless keyboard showing model number and power switch"
      },
      {
        "url": "https://i.postimg.cc/SsrtNgPD/Brand-new-KB036-wireless-keyboard-box-long-battery-life-and-stable-wireless-connection.png",
        "altText": "Brand new KB036 wireless keyboard box showing long battery life and stable wireless connection features"
      },
      {
        "url": "https://i.postimg.cc/xCRFT6Z6/Close-up-of-KB036-wireless-keyboard-keys-showing-smooth-and-quiet-typing-surface.png",
        "altText": "Close-up of KB036 wireless keyboard keys showing smooth and quiet typing surface"
      },
      {
        "url": "https://i.postimg.cc/Y93yqdPD/KB036-wireless-keyboard-with-smooth-silent-keys-for-laptop-and-mobile-Pakistan.png",
        "altText": "Wireless keyboard connected to laptop via Bluetooth, compatible with Windows and Android devices"
      },
      {
        "url": "https://i.postimg.cc/ZRcDKwQ7/Slim-wireless-keyboard-KB036-with-long-battery-life-and-soft-typing-experience.png",
        "altText": "Slim wireless keyboard KB036 with long battery life and soft typing experience"
      }
    ],
    "stock": 50
  }
]
